DeliveryEntity,ReportingDate,AccruedFeesAmountDebitCreditIndicator,AccruedFeesAmountReportingAmount,AccruedFeesAmountReportingCurrency,AccruedFeesAmountTransactionAmount,AccruedFeesAmountTransactionCurrency,AlternativeLocalReferenceIdentifier,ApprovedLossGivenDefaultRatingDate,ArrangementParticipationType,BaselIIProductType,BookType,BorrowingBaseReportingAmount,BorrowingBaseReportingCurrency,BorrowingBaseTransactionAmount,BorrowingBaseTransactionCurrency,BusinessSegment,ContractStatus,ContractStatusDate,CreditAgreement,CreditAssessmentForDrawDownUnderUnadvisedCreditLimitIndicator,CreditConversionFactor,CreditLimitReportingAmount,CreditLimitReportingCurrency,CreditLimitTransactionAmount,CreditLimitTransactionCurrency,CreditProductProgramSegment,Default,DefaultDate,DefaultEndDate,DownturnLossGivenDefault,EADAmountBeforeApplicationOfConservatismReportingAmount,EADAmountBeforeApplicationOfConservatismReportingCurrency,EADAmountBeforeApplicationOfConservatismTransactionAmount,EADAmountBeforeApplicationOfConservatismTransactionCurrency,EADModelCode,ELBEPercentageBeforeApplicationOfConservatism,ExemptionFromAdvancedInternalRatingBasedApproach,ExposureAtDefaultReportingAmount,ExposureAtDefaultReportingCurrency,FacilityType,Forborne,ForborneDate,GlobalFacilityIdentifier,HighQualityIndicator,Ifrs9RiskStage,IncomeProducingRealEstateFinance,InfrastructuralSupportingFactor,InsuredFlag,LandAcquisitionDevelopmentAndConstructionExposureFinance,LGDMarginOfConservatism,LGDModelCode,LGDPercentageBeforeConservatism,LGDType,LoanLossAllowanceRcoa,LoanLossAllowanceReportingAmount,LoanLossAllowanceReportingCurrency,LoanLossAllowanceTransactionAmount,LoanLossAllowanceTransactionCurrency,LocalFacilityIdentifier,LocalReferenceIdentifier,LossGivenDefaultClass,MaturityDate,NonperformingEndDate,NonperformingStartDate,ParentCreditFacility,ParentCreditFacilitySourceSystemIdentifier,PDMarginOfConservatism,PDModelCode,PDPercentageBeforeConservatism,PensionerFlag,PerformingIndicator,PlNplIndicator,ProbabilityOfDefault,ProductProgram,ProjectFinancePhaseIndicator,ReportingEntity,Revolving,RiskWeightedExposureApproach,SourceSystemIdentifier,SpecialisedLendingType,ThroughTheCycleLossGivenDefault,TradeDate,TypeOfCommitment,UnadvisedCreditLimitReportingAmount,UnadvisedCreditLimitReportingCurrency,UnadvisedCreditLimitTransactionAmount,UnadvisedCreditLimitTransactionCurrency,UndrawnRcoa,UndrawnReportingAmount,UndrawnReportingCurrency,UndrawnTransactionAmount,UndrawnTransactionCurrency
FBS,2024-12-31,null,null,null,null,null,null,null,null,156,null,0,EUR,0,EUR,6010,ACTIVE,null,N,null,null,350000,EUR,350000,EUR,null,N,null,null,0,null,null,null,null,null,null,null,null,null,CF,N,null,null,null,null,null,null,null,N,null,null,null,null,null,0,EUR,0,EUR,FRX00019648010321,null,null,2031-04-03,null,null,null,null,null,null,null,null,PERF,NPL,null,null,null,525107,N,null,AAB.SYS.1861,null,null,2005-11-01,Y,0,EUR,0,EUR,75071010,0,EUR,0,EUR
FBS,2024-12-31,null,null,null,null,null,null,null,null,156,null,0,EUR,0,EUR,6010,ACTIVE,null,N,null,null,340000,EUR,340000,EUR,null,N,null,null,0,null,null,null,null,null,null,null,null,null,CF,N,null,null,null,null,null,null,null,N,null,null,null,null,null,0,EUR,0,EUR,FRX00019648020321,null,null,2031-04-03,null,null,null,null,null,null,null,null,PERF,NPL,null,null,null,525107,N,null,AAB.SYS.1861,null,null,2005-10-03,Y,0,EUR,0,EUR,75071010,0,EUR,0,EUR
FBS,2024-12-31,null,null,null,null,null,null,null,null,156,null,0,EUR,0,EUR,6010,ACTIVE,null,N,null,null,270000,EUR,270000,EUR,null,N,null,null,0,null,null,null,null,null,null,null,null,null,CF,N,null,null,null,null,null,null,null,N,null,null,null,null,null,0,EUR,0,EUR,FRX00019648050321,null,null,2031-04-03,null,null,null,null,null,null,null,null,PERF,NPL,null,null,null,525107,N,null,AAB.SYS.1861,null,null,2005-02-01,Y,0,EUR,0,EUR,75071010,0,EUR,0,EUR
FBS,2024-12-31,null,null,null,null,null,null,null,null,156,null,0,EUR,0,EUR,6010,ACTIVE,null,N,null,null,340000,EUR,340000,EUR,null,N,null,null,0,null,null,null,null,null,null,null,null,null,CF,N,null,null,null,null,null,null,null,N,null,null,null,null,null,0,EUR,0,EUR,FRX00019648120321,null,null,2031-04-03,null,null,null,null,null,null,null,null,PERF,NPL,null,null,null,525107,N,null,AAB.SYS.1861,null,null,2005-09-01,Y,0,EUR,0,EUR,75071010,0,EUR,0,EUR
FBS,2024-12-31,null,null,null,null,null,null,null,null,156,null,0,EUR,0,EUR,6010,ACTIVE,null,N,null,null,340000,EUR,340000,EUR,null,N,null,null,0,null,null,null,null,null,null,null,null,null,CF,N,null,null,null,null,null,null,null,N,null,null,null,null,null,0,EUR,0,EUR,FRX00019648190321,null,null,2031-04-03,null,null,null,null,null,null,null,null,PERF,NPL,null,null,null,525107,N,null,AAB.SYS.1861,null,null,2005-08-01,Y,0,EUR,0,EUR,75071010,0,EUR,0,EUR
FBS,2024-12-31,null,null,null,null,null,null,null,null,156,null,0,EUR,0,EUR,6010,ACTIVE,null,N,null,null,164720,EUR,164720,EUR,null,N,null,null,0,null,null,null,null,null,null,null,null,null,CF,N,null,null,null,null,null,null,null,N,null,null,null,null,null,0,EUR,0,EUR,FRX00019648220321,null,null,2031-04-03,null,null,null,null,null,null,null,null,PERF,NPL,null,null,null,525107,N,null,AAB.SYS.1861,null,null,2006-04-03,Y,0,EUR,0,EUR,75071010,0,EUR,0,EUR
FBS,2024-12-31,null,null,null,null,null,null,null,null,156,null,0,EUR,0,EUR,6010,ACTIVE,null,N,null,null,370000,EUR,370000,EUR,null,N,null,null,0,null,null,null,null,null,null,null,null,null,CF,N,null,null,null,null,null,null,null,N,null,null,null,null,null,0,EUR,0,EUR,FRX00019648350321,null,null,2031-04-03,null,null,null,null,null,null,null,null,PERF,NPL,null,null,null,525107,N,null,AAB.SYS.1861,null,null,2006-02-01,Y,0,EUR,0,EUR,75071010,0,EUR,0,EUR
FBS,2024-12-31,null,null,null,null,null,null,null,null,156,null,0,EUR,0,EUR,6010,ACTIVE,null,N,null,null,340000,EUR,340000,EUR,null,N,null,null,0,null,null,null,null,null,null,null,null,null,CF,N,null,null,null,null,null,null,null,N,null,null,null,null,null,0,EUR,0,EUR,FRX00019648530321,null,null,2031-04-03,null,null,null,null,null,null,null,null,PERF,NPL,null,null,null,525107,N,null,AAB.SYS.1861,null,null,2005-07-01,Y,0,EUR,0,EUR,75071010,0,EUR,0,EUR
FBS,2024-12-31,null,null,null,null,null,null,null,null,156,null,0,EUR,0,EUR,6010,ACTIVE,null,N,null,null,300000,EUR,300000,EUR,null,N,null,null,0,null,null,null,null,null,null,null,null,null,CF,N,null,null,null,null,null,null,null,N,null,null,null,null,null,0,EUR,0,EUR,FRX00019648780321,null,null,2031-04-03,null,null,null,null,null,null,null,null,PERF,NPL,null,null,null,525107,N,null,AAB.SYS.1861,null,null,2005-05-02,Y,0,EUR,0,EUR,75071010,0,EUR,0,EUR
FBS,2024-12-31,null,null,null,null,null,null,null,null,156,null,0,EUR,0,EUR,6010,ACTIVE,null,N,null,null,320000,EUR,320000,EUR,null,N,null,null,0,null,null,null,null,null,null,null,null,null,CF,N,null,null,null,null,null,null,null,N,null,null,null,null,null,0,EUR,0,EUR,FRX00019649040321,null,null,2031-04-03,null,null,null,null,null,null,null,null,PERF,NPL,null,null,null,525107,N,null,AAB.SYS.1861,null,null,2005-06-01,Y,0,EUR,0,EUR,75071010,0,EUR,0,EUR
FBS,2024-12-31,null,null,null,null,null,null,null,null,156,null,0,EUR,0,EUR,6010,ACTIVE,null,N,null,null,260000,EUR,260000,EUR,null,N,null,null,0,null,null,null,null,null,null,null,null,null,CF,N,null,null,null,null,null,null,null,N,null,null,null,null,null,0,EUR,0,EUR,FRX00019702800321,null,null,2025-04-03,null,null,null,null,null,null,null,null,PERF,NPL,null,null,null,525107,N,null,AAB.SYS.1861,null,null,2005-05-03,Y,0,EUR,0,EUR,75071010,0,EUR,0,EUR
FBS,2024-12-31,null,null,null,null,null,null,null,null,156,null,0,EUR,0,EUR,6010,ACTIVE,null,N,null,null,6690000,EUR,6690000,EUR,null,N,null,null,0,null,null,null,null,null,null,null,null,null,CF,N,null,null,null,null,null,null,null,N,null,null,null,null,null,0,EUR,0,EUR,FRX00019737190321,null,null,2026-07-08,null,null,null,null,null,null,null,null,PERF,NPL,null,null,null,525107,N,null,AAB.SYS.1861,null,null,2011-07-08,Y,0,EUR,0,EUR,75071010,0,EUR,0,EUR
FBS,2024-12-31,null,null,null,null,null,null,null,null,156,null,0,EUR,0,EUR,6010,ACTIVE,null,N,null,null,285000,EUR,285000,EUR,null,N,null,null,0,null,null,null,null,null,null,null,null,null,CF,N,null,null,null,null,null,null,null,N,null,null,null,null,null,0,EUR,0,EUR,FRX00019743360312,null,null,2027-04-05,null,null,null,null,null,null,null,null,PERF,NPL,null,null,null,525107,N,null,AAB.SYS.1861,null,null,2005-05-06,Y,0,EUR,0,EUR,75071010,0,EUR,0,EUR
FBS,2024-12-31,null,null,null,null,null,null,null,null,156,null,0,EUR,0,EUR,6010,ACTIVE,null,N,null,null,325000,EUR,325000,EUR,null,N,null,null,0,null,null,null,null,null,null,null,null,null,CF,N,null,null,null,null,null,null,null,N,null,null,null,null,null,0,EUR,0,EUR,FRX00019743750312,null,null,2030-04-03,null,null,null,null,null,null,null,null,PERF,NPL,null,null,null,525107,N,null,AAB.SYS.1861,null,null,2005-05-03,Y,0,EUR,0,EUR,75071010,0,EUR,0,EUR
FBS,2024-12-31,null,null,null,null,null,null,null,null,156,null,0,EUR,0,EUR,6010,ACTIVE,null,N,null,null,300000,EUR,300000,EUR,null,N,null,null,0,null,null,null,null,null,null,null,null,null,CF,N,null,null,null,null,null,null,null,N,null,null,null,null,null,0,EUR,0,EUR,FRX00019743790312,null,null,2028-04-03,null,null,null,null,null,null,null,null,PERF,NPL,null,null,null,525107,N,null,AAB.SYS.1861,null,null,2005-05-03,Y,0,EUR,0,EUR,75071010,0,EUR,0,EUR
FBS,2024-12-31,null,null,null,null,null,null,null,null,156,null,0,EUR,0,EUR,6010,ACTIVE,null,N,null,null,310000,EUR,310000,EUR,null,N,null,null,0,null,null,null,null,null,null,null,null,null,CF,N,null,null,null,null,null,null,null,N,null,null,null,null,null,0,EUR,0,EUR,FRX00019743800312,null,null,2029-04-03,null,null,null,null,null,null,null,null,PERF,NPL,null,null,null,525107,N,null,AAB.SYS.1861,null,null,2005-05-03,Y,0,EUR,0,EUR,75071010,0,EUR,0,EUR
FBS,2024-12-31,null,null,null,null,null,null,null,null,156,null,0,EUR,0,EUR,6010,ACTIVE,null,N,null,null,275000,EUR,275000,EUR,null,N,null,null,0,null,null,null,null,null,null,null,null,null,CF,N,null,null,null,null,null,null,null,N,null,null,null,null,null,0,EUR,0,EUR,FRX00019746970312,null,null,2026-04-07,null,null,null,null,null,null,null,null,PERF,NPL,null,null,null,525107,N,null,AAB.SYS.1861,null,null,2005-05-03,Y,0,EUR,0,EUR,75071010,0,EUR,0,EUR
FBS,2024-12-31,null,null,null,null,null,null,null,null,156,null,0,EUR,0,EUR,6010,ACTIVE,null,N,null,null,340000,EUR,340000,EUR,null,N,null,null,0,null,null,null,null,null,null,null,null,null,CF,N,null,null,null,null,null,null,null,N,null,null,null,null,null,0,EUR,0,EUR,FRX00019757850312,null,null,2031-04-03,null,null,null,null,null,null,null,null,PERF,NPL,null,null,null,525107,N,null,AAB.SYS.1861,null,null,2005-05-03,Y,0,EUR,0,EUR,75071010,0,EUR,0,EUR
FBS,2024-12-31,null,null,null,null,null,null,null,null,156,null,0,EUR,0,EUR,6010,ACTIVE,null,N,null,null,270000,EUR,270000,EUR,null,N,null,null,0,null,null,null,null,null,null,null,null,null,CF,N,null,null,null,null,null,null,null,N,null,null,null,null,null,0,EUR,0,EUR,FRX00019759050321,null,null,2031-04-03,null,null,null,null,null,null,null,null,PERF,NPL,null,null,null,525107,N,null,AAB.SYS.1861,null,null,2005-03-01,Y,0,EUR,0,EUR,75071010,0,EUR,0,EUR
FBS,2024-12-31,null,null,null,null,null,null,null,null,156,null,0,EUR,0,EUR,6010,ACTIVE,null,N,null,null,360000,EUR,360000,EUR,null,N,null,null,0,null,null,null,null,null,null,null,null,null,CF,N,null,null,null,null,null,null,null,N,null,null,null,null,null,0,EUR,0,EUR,FRX00019774980321,null,null,2031-04-03,null,null,null,null,null,null,null,null,PERF,NPL,null,null,null,525107,N,null,AAB.SYS.1861,null,null,2005-12-01,Y,0,EUR,0,EUR,75071010,0,EUR,0,EUR
FBS,2024-12-31,null,null,null,null,null,null,null,null,156,null,0,EUR,0,EUR,6010,ACTIVE,null,N,null,null,360000,EUR,360000,EUR,null,N,null,null,0,null,null,null,null,null,null,null,null,null,CF,N,null,null,null,null,null,null,null,N,null,null,null,null,null,0,EUR,0,EUR,FRX00019775080321,null,null,2031-04-03,null,null,null,null,null,null,null,null,PERF,NPL,null,null,null,525107,N,null,AAB.SYS.1861,null,null,2006-01-02,Y,0,EUR,0,EUR,75071010,0,EUR,0,EUR
FBS,2024-12-31,null,null,null,null,null,null,null,null,156,null,0,EUR,0,EUR,6010,ACTIVE,null,N,null,null,513880,EUR,513880,EUR,null,N,null,null,0,null,null,null,null,null,null,null,null,null,CF,N,null,null,null,null,null,null,null,N,null,null,null,null,null,0,EUR,0,EUR,FRX00019775140321,null,null,2031-04-03,null,null,null,null,null,null,null,null,PERF,NPL,null,null,null,525107,N,null,AAB.SYS.1861,null,null,2005-01-03,Y,0,EUR,0,EUR,75071010,0,EUR,0,EUR
FBS,2024-12-31,null,null,null,null,null,null,null,null,156,null,0,EUR,0,EUR,6010,ACTIVE,null,N,null,null,280000,EUR,280000,EUR,null,N,null,null,0,null,null,null,null,null,null,null,null,null,CF,N,null,null,null,null,null,null,null,N,null,null,null,null,null,0,EUR,0,EUR,FRX00019775150321,null,null,2031-04-03,null,null,null,null,null,null,null,null,PERF,NPL,null,null,null,525107,N,null,AAB.SYS.1861,null,null,2005-04-04,Y,0,EUR,0,EUR,75071010,0,EUR,0,EUR
FBS,2024-12-31,null,null,null,null,null,null,null,null,156,null,0,EUR,0,EUR,6010,ACTIVE,null,N,null,null,340000,EUR,340000,EUR,null,N,null,null,0,null,null,null,null,null,null,null,null,null,CF,N,null,null,null,null,null,null,null,N,null,null,null,null,null,0,EUR,0,EUR,FRX00019775170321,null,null,2031-04-03,null,null,null,null,null,null,null,null,PERF,NPL,null,null,null,525107,N,null,AAB.SYS.1861,null,null,2006-03-01,Y,0,EUR,0,EUR,75071010,0,EUR,0,EUR
FBS,2024-12-31,null,null,null,null,null,null,null,null,156,null,0,EUR,0,EUR,6010,ACTIVE,null,N,null,null,2500000,EUR,2500000,EUR,null,N,null,null,0,null,null,null,null,null,null,null,null,null,CF,N,null,null,null,null,null,null,null,N,null,null,null,null,null,0,EUR,0,EUR,FRX00025938350344,null,null,2032-05-10,null,null,null,null,null,null,null,null,PERF,NPL,null,null,null,525107,N,null,AAB.SYS.1861,null,null,2012-05-10,Y,0,EUR,0,EUR,75071010,0,EUR,0,EUR
FBS,2024-12-31,null,null,null,null,null,null,null,null,156,null,0,EUR,0,EUR,6010,ACTIVE,null,N,null,null,3500000,EUR,3500000,EUR,null,N,null,null,0,null,null,null,null,null,null,null,null,null,CF,N,null,null,null,null,null,null,null,N,null,null,null,null,null,0,EUR,0,EUR,FRX00025938530344,null,null,2027-05-10,null,null,null,null,null,null,null,null,PERF,NPL,null,null,null,525107,N,null,AAB.SYS.1861,null,null,2012-05-10,Y,0,EUR,0,EUR,75071010,0,EUR,0,EUR
FBS,2024-12-31,null,null,null,null,null,null,null,null,156,null,0,EUR,0,EUR,6010,ACTIVE,null,N,null,null,7500000,EUR,7500000,EUR,null,N,null,null,0,null,null,null,null,null,null,null,null,null,CF,N,null,null,null,null,null,null,null,N,null,null,null,null,null,0,EUR,0,EUR,FRX00030899770344,null,null,2032-07-02,null,null,null,null,null,null,null,null,PERF,NPL,null,null,null,525107,N,null,AAB.SYS.1861,null,null,2012-07-02,Y,0,EUR,0,EUR,75071010,0,EUR,0,EUR
FBS,2024-12-31,null,null,null,null,null,null,null,null,156,null,0,EUR,0,EUR,6010,ACTIVE,null,N,null,null,1000000,EUR,1000000,EUR,null,N,null,null,0,null,null,null,null,null,null,null,null,null,CF,N,null,null,null,null,null,null,null,N,null,null,null,null,null,0,EUR,0,EUR,FRX00032966530344,null,null,2042-07-28,null,null,null,null,null,null,null,null,PERF,NPL,null,null,null,525107,N,null,AAB.SYS.1861,null,null,2012-07-27,Y,0,EUR,0,EUR,75071010,0,EUR,0,EUR
FBS,2024-12-31,null,null,null,null,null,null,null,null,156,null,0,EUR,0,EUR,6010,ACTIVE,null,N,null,null,3000000,EUR,3000000,EUR,null,N,null,null,0,null,null,null,null,null,null,null,null,null,CF,N,null,null,null,null,null,null,null,N,null,null,null,null,null,0,EUR,0,EUR,FRX00034792490344,null,null,2027-08-16,null,null,null,null,null,null,null,null,PERF,NPL,null,null,null,525107,N,null,AAB.SYS.1861,null,null,2012-08-14,Y,0,EUR,0,EUR,75071010,0,EUR,0,EUR
FBS,2024-12-31,null,null,null,null,null,null,null,null,156,null,0,EUR,0,EUR,6010,ACTIVE,null,N,null,null,1000000,EUR,1000000,EUR,null,N,null,null,0,null,null,null,null,null,null,null,null,null,CF,N,null,null,null,null,null,null,null,N,null,null,null,null,null,0,EUR,0,EUR,FRX00037866380344,null,null,2027-09-20,null,null,null,null,null,null,null,null,PERF,NPL,null,null,null,525107,N,null,AAB.SYS.1861,null,null,2012-09-20,Y,0,EUR,0,EUR,75071010,0,EUR,0,EUR
FBS,2024-12-31,null,null,null,null,null,null,null,null,156,null,0,EUR,0,EUR,6010,ACTIVE,null,N,null,null,100000,EUR,100000,EUR,null,N,null,null,0,null,null,null,null,null,null,null,null,null,CF,N,null,null,null,null,null,null,null,N,null,null,null,null,null,0,EUR,0,EUR,FRX00077517010344,null,null,2025-12-23,null,null,null,null,null,null,null,null,PERF,NPL,null,null,null,525107,N,null,AAB.SYS.1861,null,null,2013-12-18,Y,0,EUR,0,EUR,75071010,0,EUR,0,EUR
FBS,2024-12-31,null,null,null,null,null,null,null,null,20,null,0,EUR,0,EUR,6010,ACTIVE,null,N,null,null,0.01,EUR,0.01,EUR,null,N,null,null,0,null,null,null,null,null,null,null,null,null,CF,N,null,null,null,null,null,null,null,N,null,null,null,null,null,0,EUR,0,EUR,FRX00081314170033,null,null,2043-06-05,null,null,null,null,null,null,null,null,PERF,NPL,null,null,null,425102,N,null,AAB.SYS.1861,null,null,2013-06-05,Y,0,EUR,0,EUR,75074010,0,EUR,0,EUR
FBS,2024-12-31,null,null,null,null,null,null,null,null,20,null,0,EUR,0,EUR,6010,ACTIVE,null,N,null,null,0.01,EUR,0.01,EUR,null,N,null,null,0,null,null,null,null,null,null,null,null,null,CF,N,null,null,null,null,null,null,null,N,null,null,null,null,null,0,EUR,0,EUR,FRX00081315930033,null,null,2025-07-02,null,null,null,null,null,null,null,null,PERF,NPL,null,null,null,425102,N,null,AAB.SYS.1861,null,null,2013-07-02,Y,0,EUR,0,EUR,75074010,0,EUR,0,EUR
FBS,2024-12-31,null,null,null,null,null,null,null,null,20,null,0,EUR,0,EUR,6010,ACTIVE,null,N,null,null,0.01,EUR,0.01,EUR,null,N,null,null,0,null,null,null,null,null,null,null,null,null,CF,N,null,null,null,null,null,null,null,N,null,null,null,null,null,0,EUR,0,EUR,FRX00081316620033,null,null,2045-02-14,null,null,null,null,null,null,null,null,PERF,NPL,null,null,null,425102,N,null,AAB.SYS.1861,null,null,2013-08-14,Y,0,EUR,0,EUR,75074010,0,EUR,0,EUR
FBS,2024-12-31,null,null,null,null,null,null,null,null,156,null,0,EUR,0,EUR,2430,ACTIVE,null,N,null,null,40836313.07,EUR,40836313.07,EUR,null,N,null,null,0,null,null,null,null,null,null,null,null,null,CF,N,null,null,null,null,null,null,null,N,null,null,null,null,null,0,EUR,0,EUR,FRX00090511580347,null,null,2042-07-01,null,null,null,null,null,null,null,null,PERF,NPL,null,null,null,525142,N,null,AAB.SYS.1861,null,null,2017-07-01,Y,0,EUR,0,EUR,75071010,0,EUR,0,EUR
FBS,2024-12-31,null,null,null,null,null,null,null,null,156,null,0,EUR,0,EUR,6010,ACTIVE,null,N,null,null,40836313.07,EUR,40836313.07,EUR,null,N,null,null,0,null,null,null,null,null,null,null,null,null,CF,N,null,null,null,null,null,null,null,N,null,null,null,null,null,0,EUR,0,EUR,FRX00090514400344,null,null,2042-07-01,null,null,null,null,null,null,null,null,PERF,NPL,null,null,null,525107,N,null,AAB.SYS.1861,null,null,2017-07-01,Y,0,EUR,0,EUR,75071010,0,EUR,0,EUR
FBS,2024-12-31,null,null,null,null,null,null,null,null,156,null,0,EUR,0,EUR,6010,ACTIVE,null,N,null,null,2000000,EUR,2000000,EUR,null,N,null,null,0,null,null,null,null,null,null,null,null,null,CF,N,null,null,null,null,null,null,null,N,null,null,null,null,null,0,EUR,0,EUR,FRX00111709890053,null,null,2026-03-23,null,null,null,null,null,null,null,null,PERF,NPL,null,null,null,425102,N,null,AAB.SYS.1861,null,null,2010-05-27,Y,0,EUR,0,EUR,75071010,0,EUR,0,EUR
FBS,2024-12-31,null,null,null,null,null,null,null,null,156,null,0,EUR,0,EUR,6010,ACTIVE,null,N,null,null,2500000,EUR,2500000,EUR,null,N,null,null,0,null,null,null,null,null,null,null,null,null,CF,N,null,null,null,null,null,null,null,N,null,null,null,null,null,0,EUR,0,EUR,FRX00111709970053,null,null,2025-04-15,null,null,null,null,null,null,null,null,PERF,NPL,null,null,null,425102,N,null,AAB.SYS.1861,null,null,2010-04-19,Y,0,EUR,0,EUR,75071010,0,EUR,0,EUR
FBS,2024-12-31,null,null,null,null,null,null,null,null,156,null,0,EUR,0,EUR,6010,ACTIVE,null,N,null,null,2722681.3,EUR,2722681.3,EUR,null,N,null,null,0,null,null,null,null,null,null,null,null,null,CF,N,null,null,null,null,null,null,null,N,null,null,null,null,null,0,EUR,0,EUR,FRX00114901000029,null,null,2025-01-20,null,null,null,null,null,null,null,null,PERF,NPL,null,null,null,525106,N,null,AAB.SYS.1861,null,null,2015-01-20,Y,0,EUR,0,EUR,75071010,0,EUR,0,EUR
FBS,2024-12-31,null,null,null,null,null,null,null,null,156,null,0,EUR,0,EUR,6010,ACTIVE,null,N,null,null,2722681.3,EUR,2722681.3,EUR,null,N,null,null,0,null,null,null,null,null,null,null,null,null,CF,N,null,null,null,null,null,null,null,N,null,null,null,null,null,0,EUR,0,EUR,FRX00114901080044,null,null,2025-01-21,null,null,null,null,null,null,null,null,PERF,NPL,null,null,null,425102,N,null,AAB.SYS.1861,null,null,2015-01-20,Y,0,EUR,0,EUR,75071010,0,EUR,0,EUR
FBS,2024-12-31,null,null,null,null,null,null,null,null,156,null,0,EUR,0,EUR,6010,ACTIVE,null,N,null,null,589918,EUR,589918,EUR,null,N,null,null,0,null,null,null,null,null,null,null,null,null,CF,N,null,null,null,null,null,null,null,N,null,null,null,null,null,0,EUR,0,EUR,FRX00114901520029,null,null,2025-01-20,null,null,null,null,null,null,null,null,PERF,NPL,null,null,null,525106,N,null,AAB.SYS.1861,null,null,2015-01-20,Y,0,EUR,0,EUR,75071010,0,EUR,0,EUR
FBS,2024-12-31,null,null,null,null,null,null,null,null,156,null,0,EUR,0,EUR,6010,ACTIVE,null,N,null,null,353500.13,EUR,353500.13,EUR,null,N,null,null,0,null,null,null,null,null,null,null,null,null,CF,N,null,null,null,null,null,null,null,N,null,null,null,null,null,0,EUR,0,EUR,FRX00120876320053,null,null,2030-03-01,null,null,null,null,null,null,null,null,PERF,NPL,null,null,null,425102,N,null,AAB.SYS.1861,null,null,2015-03-20,Y,0,EUR,0,EUR,75071010,0,EUR,0,EUR
FBS,2024-12-31,null,null,null,null,null,null,null,null,156,null,0,EUR,0,EUR,2410,ACTIVE,null,N,null,null,1200000,EUR,1200000,EUR,null,N,null,null,0,null,null,null,null,null,null,null,null,null,CF,N,null,null,null,null,null,null,null,N,null,null,null,null,null,0,EUR,0,EUR,FRX00139993840315,null,null,2025-09-18,null,null,null,null,null,null,null,null,PERF,NPL,null,null,null,525141,N,null,AAB.SYS.1861,null,null,2015-09-18,Y,0,EUR,0,EUR,75071010,0,EUR,0,EUR
FBS,2024-12-31,null,null,null,null,null,null,null,null,20,null,0,EUR,0,EUR,2440,ACTIVE,null,N,null,null,4827.87,EUR,4827.87,EUR,null,N,null,null,0,null,null,null,null,null,null,null,null,null,CF,N,null,null,null,null,null,null,null,N,null,null,null,null,null,0,EUR,0,EUR,FRX00140786230234,null,null,2025-10-01,null,null,null,null,null,null,null,null,PERF,NPL,0.01072,null,null,525135,N,null,AAB.SYS.1861,null,null,2015-09-28,Y,0,EUR,0,EUR,75073010,0,EUR,0,EUR
FBS,2024-12-31,null,null,null,null,null,null,null,null,156,null,0,EUR,0,EUR,6010,ACTIVE,null,N,null,null,187500,EUR,187500,EUR,null,N,null,null,0,null,null,null,null,null,null,null,null,null,CF,N,null,null,null,null,null,null,null,N,null,null,null,null,null,0,EUR,0,EUR,FRX00145613630046,null,null,2028-09-01,null,null,null,null,null,null,null,null,PERF,NPL,null,null,null,425102,N,null,AAB.SYS.1861,null,null,2015-09-01,Y,0,EUR,0,EUR,75071010,0,EUR,0,EUR
FBS,2024-12-31,null,null,null,null,null,null,null,null,156,null,0,EUR,0,EUR,6010,ACTIVE,null,N,null,null,10000000,EUR,10000000,EUR,null,N,null,null,0,null,null,null,null,null,null,null,null,null,CF,N,null,null,null,null,null,null,null,N,null,null,null,null,null,0,EUR,0,EUR,FRX00145615750046,null,null,2055-07-01,null,null,null,null,null,null,null,null,PERF,NPL,null,null,null,425102,N,null,AAB.SYS.1861,null,null,2015-10-01,Y,0,EUR,0,EUR,75071010,0,EUR,0,EUR
FBS,2024-12-31,null,null,null,null,null,null,null,null,156,null,0,EUR,0,EUR,6010,ACTIVE,null,N,null,null,8000000,EUR,8000000,EUR,null,N,null,null,0,null,null,null,null,null,null,null,null,null,CF,N,null,null,null,null,null,null,null,N,null,null,null,null,null,0,EUR,0,EUR,FRX00145616030046,null,null,2027-09-01,null,null,null,null,null,null,null,null,PERF,NPL,null,null,null,425102,N,null,AAB.SYS.1861,null,null,2015-09-01,Y,0,EUR,0,EUR,75071010,0,EUR,0,EUR
FBS,2024-12-31,null,null,null,null,null,null,null,null,156,null,0,EUR,0,EUR,6010,ACTIVE,null,N,null,null,10000000,EUR,10000000,EUR,null,N,null,null,0,null,null,null,null,null,null,null,null,null,CF,N,null,null,null,null,null,null,null,N,null,null,null,null,null,0,EUR,0,EUR,FRX00145616110046,null,null,2027-03-08,null,null,null,null,null,null,null,null,PERF,NPL,null,null,null,425102,N,null,AAB.SYS.1861,null,null,2015-09-07,Y,0,EUR,0,EUR,75071010,0,EUR,0,EUR
FBS,2024-12-31,null,null,null,null,null,null,null,null,20,null,0,EUR,0,EUR,6010,ACTIVE,null,N,null,null,18158627.57,EUR,18158627.57,EUR,null,N,null,null,0,null,null,null,null,null,null,null,null,null,CF,N,null,null,null,null,null,null,null,N,null,null,null,null,null,0,EUR,0,EUR,FRX00145618440051,null,null,2058-02-15,null,null,null,null,null,null,null,null,PERF,NPL,0.00061,null,null,425102,N,null,AAB.SYS.1861,null,null,2009-02-16,Y,0,EUR,0,EUR,75074010,0,EUR,0,EUR
FBS,2024-12-31,null,null,null,null,null,null,null,null,20,null,0,EUR,0,EUR,6010,ACTIVE,null,N,null,null,30000000,EUR,30000000,EUR,null,N,null,null,0,null,null,null,null,null,null,null,null,null,CF,N,null,null,null,null,null,null,null,N,null,null,null,null,null,0,EUR,0,EUR,FRX00145618440372,null,null,2058-02-15,null,null,null,null,null,null,null,null,PERF,NPL,0.00061,null,null,425102,N,null,AAB.SYS.1861,null,null,2009-02-16,Y,0,EUR,0,EUR,75074010,0,EUR,0,EUR
FBS,2024-12-31,null,null,null,null,null,null,null,null,156,null,0,EUR,0,EUR,6010,ACTIVE,null,N,null,null,6038150,EUR,6038150,EUR,null,N,null,null,0,null,null,null,null,null,null,null,null,null,CF,N,null,null,null,null,null,null,null,N,null,null,null,null,null,0,EUR,0,EUR,FRX00145620290046,null,null,2049-01-04,null,null,null,null,null,null,null,null,PERF,NPL,null,null,null,425102,N,null,AAB.SYS.1861,null,null,2015-10-01,Y,0,EUR,0,EUR,75071010,0,EUR,0,EUR
FBS,2024-12-31,null,null,null,null,null,null,null,null,156,null,0,EUR,0,EUR,6010,ACTIVE,null,N,null,null,43758500,EUR,43758500,EUR,null,N,null,null,0,null,null,null,null,null,null,null,null,null,CF,N,null,null,null,null,null,null,null,N,null,null,null,null,null,0,EUR,0,EUR,FRX00145620450046,null,null,2038-10-01,null,null,null,null,null,null,null,null,PERF,NPL,null,null,null,425102,N,null,AAB.SYS.1861,null,null,2015-10-01,Y,0,EUR,0,EUR,75071010,0,EUR,0,EUR
FBS,2024-12-31,null,null,null,null,null,null,null,null,156,null,0,EUR,0,EUR,6010,ACTIVE,null,N,null,null,3737897.64,EUR,3737897.64,EUR,null,N,null,null,0,null,null,null,null,null,null,null,null,null,CF,N,null,null,null,null,null,null,null,N,null,null,null,null,null,0,EUR,0,EUR,FRX00145620890046,null,null,2038-07-01,null,null,null,null,null,null,null,null,PERF,NPL,null,null,null,425102,N,null,AAB.SYS.1861,null,null,2015-10-01,Y,0,EUR,0,EUR,75071010,0,EUR,0,EUR
FBS,2024-12-31,null,null,null,null,null,null,null,null,156,null,0,EUR,0,EUR,6010,ACTIVE,null,N,null,null,750000,EUR,750000,EUR,null,N,null,null,0,null,null,null,null,null,null,null,null,null,CF,N,null,null,null,null,null,null,null,N,null,null,null,null,null,0,EUR,0,EUR,FRX00145620910046,null,null,2027-05-24,null,null,null,null,null,null,null,null,PERF,NPL,null,null,null,425102,N,null,AAB.SYS.1861,null,null,2015-05-25,Y,0,EUR,0,EUR,75071010,0,EUR,0,EUR
FBS,2024-12-31,null,null,null,null,null,null,null,null,156,null,0,EUR,0,EUR,6010,ACTIVE,null,N,null,null,67500000,EUR,67500000,EUR,null,N,null,null,0,null,null,null,null,null,null,null,null,null,CF,N,null,null,null,null,null,null,null,N,null,null,null,null,null,0,EUR,0,EUR,FRX00145621500046,null,null,2051-12-01,null,null,null,null,null,null,null,null,PERF,NPL,null,null,null,425102,N,null,AAB.SYS.1861,null,null,2015-09-01,Y,0,EUR,0,EUR,75071010,0,EUR,0,EUR
FBS,2024-12-31,null,null,null,null,null,null,null,null,156,null,0,EUR,0,EUR,6010,ACTIVE,null,N,null,null,12000000,EUR,12000000,EUR,null,N,null,null,0,null,null,null,null,null,null,null,null,null,CF,N,null,null,null,null,null,null,null,N,null,null,null,null,null,0,EUR,0,EUR,FRX00145622500046,null,null,2048-07-01,null,null,null,null,null,null,null,null,PERF,NPL,null,null,null,425102,N,null,AAB.SYS.1861,null,null,2015-10-01,Y,0,EUR,0,EUR,75071010,0,EUR,0,EUR
FBS,2024-12-31,null,null,null,null,null,null,null,null,20,null,0,EUR,0,EUR,6010,ACTIVE,null,N,null,null,0.01,EUR,0.01,EUR,null,N,null,null,0,null,null,null,null,null,null,null,null,null,CF,N,null,null,null,null,null,null,null,N,null,null,null,null,null,0,EUR,0,EUR,FRX00145625040372,null,null,2023-07-21,null,null,null,null,null,null,null,null,PERF,NPL,0.00154,null,null,425102,N,null,AAB.SYS.1861,null,null,2015-11-13,Y,0,EUR,0,EUR,75074010,0,EUR,0,EUR
FBS,2024-12-31,null,null,null,null,null,null,null,null,156,null,0,EUR,0,EUR,6010,ACTIVE,null,N,null,null,5430833,EUR,5430833,EUR,null,N,null,null,0,null,null,null,null,null,null,null,null,null,CF,N,null,null,null,null,null,null,null,N,null,null,null,null,null,0,EUR,0,EUR,FRX00145625370046,null,null,2038-07-01,null,null,null,null,null,null,null,null,PERF,NPL,null,null,null,425102,N,null,AAB.SYS.1861,null,null,2015-10-01,Y,0,EUR,0,EUR,75071010,0,EUR,0,EUR
FBS,2024-12-31,null,null,null,null,null,null,null,null,20,null,0,EUR,0,EUR,6010,ACTIVE,null,N,null,null,0.01,EUR,0.01,EUR,null,N,null,null,0,null,null,null,null,null,null,null,null,null,CF,N,null,null,null,null,null,null,null,N,null,null,null,null,null,0,EUR,0,EUR,FRX00145625890372,null,null,2023-07-21,null,null,null,null,null,null,null,null,PERF,NPL,0.00077,null,null,425102,N,null,AAB.SYS.1861,null,null,2015-11-13,Y,0,EUR,0,EUR,75074010,0,EUR,0,EUR
FBS,2024-12-31,null,null,null,null,null,null,null,null,20,null,0,EUR,0,EUR,6010,ACTIVE,null,N,null,null,0.01,EUR,0.01,EUR,null,N,null,null,0,null,null,null,null,null,null,null,null,null,CF,N,null,null,null,null,null,null,null,N,null,null,null,null,null,0,EUR,0,EUR,FRX00145626300372,null,null,2023-07-21,null,null,null,null,null,null,null,null,PERF,NPL,0.00061,null,null,425102,N,null,AAB.SYS.1861,null,null,2015-11-13,Y,0,EUR,0,EUR,75074010,0,EUR,0,EUR
FBS,2024-12-31,null,null,null,null,null,null,null,null,156,null,0,EUR,0,EUR,6010,ACTIVE,null,N,null,null,1763000,EUR,1763000,EUR,null,N,null,null,0,null,null,null,null,null,null,null,null,null,CF,N,null,null,null,null,null,null,null,N,null,null,null,null,null,0,EUR,0,EUR,FRX00145626330046,null,null,2031-02-03,null,null,null,null,null,null,null,null,PERF,NPL,null,null,null,425102,N,null,AAB.SYS.1861,null,null,2015-11-02,Y,0,EUR,0,EUR,75071010,0,EUR,0,EUR
FBS,2024-12-31,null,null,null,null,null,null,null,null,20,null,0,EUR,0,EUR,6010,ACTIVE,null,N,null,null,0.01,EUR,0.01,EUR,null,N,null,null,0,null,null,null,null,null,null,null,null,null,CF,N,null,null,null,null,null,null,null,N,null,null,null,null,null,0,EUR,0,EUR,FRX00145626550372,null,null,2019-09-19,null,null,null,null,null,null,null,null,PERF,NPL,null,null,null,425102,N,null,AAB.SYS.1861,null,null,2015-11-13,Y,0,EUR,0,EUR,75074010,0,EUR,0,EUR
FBS,2024-12-31,null,null,null,null,null,null,null,null,156,null,0,EUR,0,EUR,6010,ACTIVE,null,N,null,null,344400,EUR,344400,EUR,null,N,null,null,0,null,null,null,null,null,null,null,null,null,CF,N,null,null,null,null,null,null,null,N,null,null,null,null,null,0,EUR,0,EUR,FRX00145627900046,null,null,2030-10-01,null,null,null,null,null,null,null,null,PERF,NPL,null,null,null,425102,N,null,AAB.SYS.1861,null,null,2015-10-01,Y,0,EUR,0,EUR,75071010,0,EUR,0,EUR
FBS,2024-12-31,null,null,null,null,null,null,null,null,20,null,0,EUR,0,EUR,6010,ACTIVE,null,N,null,null,0.01,EUR,0.01,EUR,null,N,null,null,0,null,null,null,null,null,null,null,null,null,CF,N,null,null,null,null,null,null,null,N,null,null,null,null,null,0,EUR,0,EUR,FRX00145628150372,null,null,2019-09-19,null,null,null,null,null,null,null,null,PERF,NPL,null,null,null,425102,N,null,AAB.SYS.1861,null,null,2015-11-13,Y,0,EUR,0,EUR,75074010,0,EUR,0,EUR
FBS,2024-12-31,null,null,null,null,null,null,null,null,156,null,0,EUR,0,EUR,6010,ACTIVE,null,N,null,null,437500,EUR,437500,EUR,null,N,null,null,0,null,null,null,null,null,null,null,null,null,CF,N,null,null,null,null,null,null,null,N,null,null,null,null,null,0,EUR,0,EUR,FRX00145628510046,null,null,2033-08-01,null,null,null,null,null,null,null,null,PERF,NPL,null,null,null,425102,N,null,AAB.SYS.1861,null,null,2015-11-02,Y,0,EUR,0,EUR,75071010,0,EUR,0,EUR
FBS,2024-12-31,null,null,null,null,null,null,null,null,156,null,0,EUR,0,EUR,6010,ACTIVE,null,N,null,null,30000000,EUR,30000000,EUR,null,N,null,null,0,null,null,null,null,null,null,null,null,null,CF,N,null,null,null,null,null,null,null,N,null,null,null,null,null,0,EUR,0,EUR,FRX00145628650046,null,null,2058-02-15,null,null,null,null,null,null,null,null,PERF,NPL,null,null,null,425102,N,null,AAB.SYS.1861,null,null,2015-08-17,Y,0,EUR,0,EUR,75071010,0,EUR,0,EUR
FBS,2024-12-31,null,null,null,null,null,null,null,null,20,null,0,EUR,0,EUR,6010,ACTIVE,null,N,null,null,0.01,EUR,0.01,EUR,null,N,null,null,0,null,null,null,null,null,null,null,null,null,CF,N,null,null,null,null,null,null,null,N,null,null,null,null,null,0,EUR,0,EUR,FRX00145628780372,null,null,2023-07-21,null,null,null,null,null,null,null,null,PERF,NPL,0.00246,null,null,425102,N,null,AAB.SYS.1861,null,null,2015-11-13,Y,0,EUR,0,EUR,75074010,0,EUR,0,EUR
FBS,2024-12-31,null,null,null,null,null,null,null,null,20,null,0,EUR,0,EUR,6010,ACTIVE,null,N,null,null,486703.14,EUR,486703.14,EUR,null,N,null,null,0,null,null,null,null,null,null,null,null,null,CF,N,null,null,null,null,null,null,null,N,null,null,null,null,null,0,EUR,0,EUR,FRX00145629360051,null,null,2027-03-08,null,null,null,null,null,null,null,null,PERF,NPL,0.00061,null,null,425102,N,null,AAB.SYS.1861,null,null,2007-03-05,Y,0,EUR,0,EUR,75074010,0,EUR,0,EUR
FBS,2024-12-31,null,null,null,null,null,null,null,null,20,null,0,EUR,0,EUR,6010,ACTIVE,null,N,null,null,10000000,EUR,10000000,EUR,null,N,null,null,0,null,null,null,null,null,null,null,null,null,CF,N,null,null,null,null,null,null,null,N,null,null,null,null,null,0,EUR,0,EUR,FRX00145629360372,null,null,2027-03-08,null,null,null,null,null,null,null,null,PERF,NPL,0.00061,null,null,425102,N,null,AAB.SYS.1861,null,null,2007-03-05,Y,0,EUR,0,EUR,75074010,0,EUR,0,EUR
FBS,2024-12-31,null,null,null,null,null,null,null,null,20,null,0,EUR,0,EUR,6010,ACTIVE,null,N,null,null,0.01,EUR,0.01,EUR,null,N,null,null,0,null,null,null,null,null,null,null,null,null,CF,N,null,null,null,null,null,null,null,N,null,null,null,null,null,0,EUR,0,EUR,FRX00145629390372,null,null,2023-07-21,null,null,null,null,null,null,null,null,PERF,NPL,0.3696,null,null,425102,N,null,AAB.SYS.1861,null,null,2015-11-13,Y,0,EUR,0,EUR,75074010,0,EUR,0,EUR
FBS,2024-12-31,null,null,null,null,null,null,null,null,20,null,0,EUR,0,EUR,6010,ACTIVE,null,N,null,null,0.01,EUR,0.01,EUR,null,N,null,null,0,null,null,null,null,null,null,null,null,null,CF,N,null,null,null,null,null,null,null,N,null,null,null,null,null,0,EUR,0,EUR,FRX00145630760372,null,null,2023-07-21,null,null,null,null,null,null,null,null,PERF,NPL,0.00246,null,null,425102,N,null,AAB.SYS.1861,null,null,2015-11-13,Y,0,EUR,0,EUR,75074010,0,EUR,0,EUR
FBS,2024-12-31,null,null,null,null,null,null,null,null,156,null,0,EUR,0,EUR,6010,ACTIVE,null,N,null,null,6720000,EUR,6720000,EUR,null,N,null,null,0,null,null,null,null,null,null,null,null,null,CF,N,null,null,null,null,null,null,null,N,null,null,null,null,null,0,EUR,0,EUR,FRX00145631460046,null,null,2034-04-03,null,null,null,null,null,null,null,null,PERF,NPL,null,null,null,425102,N,null,AAB.SYS.1861,null,null,2015-11-02,Y,0,EUR,0,EUR,75071010,0,EUR,0,EUR
FBS,2024-12-31,null,null,null,null,null,null,null,null,20,null,0,EUR,0,EUR,6010,ACTIVE,null,N,null,null,0.01,EUR,0.01,EUR,null,N,null,null,0,null,null,null,null,null,null,null,null,null,CF,N,null,null,null,null,null,null,null,N,null,null,null,null,null,0,EUR,0,EUR,FRX00145631590372,null,null,2023-07-21,null,null,null,null,null,null,null,null,PERF,NPL,0.00154,null,null,425102,N,null,AAB.SYS.1861,null,null,2015-11-13,Y,0,EUR,0,EUR,75074010,0,EUR,0,EUR
FBS,2024-12-31,null,null,null,null,null,null,null,null,156,null,0,EUR,0,EUR,6010,ACTIVE,null,N,null,null,850000.08,EUR,850000.08,EUR,null,N,null,null,0,null,null,null,null,null,null,null,null,null,CF,N,null,null,null,null,null,null,null,N,null,null,null,null,null,0,EUR,0,EUR,FRX00145632250046,null,null,2028-01-28,null,null,null,null,null,null,null,null,PERF,NPL,null,null,null,425102,N,null,AAB.SYS.1861,null,null,2015-01-28,Y,0,EUR,0,EUR,75071010,0,EUR,0,EUR
FBS,2024-12-31,null,null,null,null,null,null,null,null,156,null,0,EUR,0,EUR,6010,ACTIVE,null,N,null,null,5430833,EUR,5430833,EUR,null,N,null,null,0,null,null,null,null,null,null,null,null,null,CF,N,null,null,null,null,null,null,null,N,null,null,null,null,null,0,EUR,0,EUR,FRX00145633090046,null,null,2038-07-01,null,null,null,null,null,null,null,null,PERF,NPL,null,null,null,425102,N,null,AAB.SYS.1861,null,null,2015-10-01,Y,0,EUR,0,EUR,75071010,0,EUR,0,EUR
FBS,2024-12-31,null,null,null,null,null,null,null,null,156,null,0,EUR,0,EUR,6010,ACTIVE,null,N,null,null,12500000,EUR,12500000,EUR,null,N,null,null,0,null,null,null,null,null,null,null,null,null,CF,N,null,null,null,null,null,null,null,N,null,null,null,null,null,0,EUR,0,EUR,FRX00145633390046,null,null,2050-04-01,null,null,null,null,null,null,null,null,PERF,NPL,null,null,null,425102,N,null,AAB.SYS.1861,null,null,2015-11-02,Y,0,EUR,0,EUR,75071010,0,EUR,0,EUR
FBS,2024-12-31,null,null,null,null,null,null,null,null,20,null,0,EUR,0,EUR,6010,ACTIVE,null,N,null,null,0.01,EUR,0.01,EUR,null,N,null,null,0,null,null,null,null,null,null,null,null,null,CF,N,null,null,null,null,null,null,null,N,null,null,null,null,null,0,EUR,0,EUR,FRX00145633750372,null,null,2023-07-21,null,null,null,null,null,null,null,null,PERF,NPL,0.00061,null,null,425102,N,null,AAB.SYS.1861,null,null,2015-11-13,Y,0,EUR,0,EUR,75074010,0,EUR,0,EUR
FBS,2024-12-31,null,null,null,null,null,null,null,null,20,null,0,EUR,0,EUR,6010,ACTIVE,null,N,null,null,0.01,EUR,0.01,EUR,null,N,null,null,0,null,null,null,null,null,null,null,null,null,CF,N,null,null,null,null,null,null,null,N,null,null,null,null,null,0,EUR,0,EUR,FRX00145633830372,null,null,2023-07-21,null,null,null,null,null,null,null,null,PERF,NPL,0.00061,null,null,425102,N,null,AAB.SYS.1861,null,null,2015-11-13,Y,0,EUR,0,EUR,75074010,0,EUR,0,EUR
FBS,2024-12-31,null,null,null,null,null,null,null,null,20,null,0,EUR,0,EUR,6010,ACTIVE,null,N,null,null,4641528.88,EUR,4641528.88,EUR,null,N,null,null,0,null,null,null,null,null,null,null,null,null,CF,N,null,null,null,null,null,null,null,N,null,null,null,null,null,0,EUR,0,EUR,FRX00145633840051,null,null,2055-07-01,null,null,null,null,null,null,null,null,PERF,NPL,0.00061,null,null,425102,N,null,AAB.SYS.1861,null,null,2005-07-01,Y,0,EUR,0,EUR,75074010,0,EUR,0,EUR
FBS,2024-12-31,null,null,null,null,null,null,null,null,20,null,0,EUR,0,EUR,6010,ACTIVE,null,N,null,null,10000000,EUR,10000000,EUR,null,N,null,null,0,null,null,null,null,null,null,null,null,null,CF,N,null,null,null,null,null,null,null,N,null,null,null,null,null,0,EUR,0,EUR,FRX00145633840372,null,null,2055-07-01,null,null,null,null,null,null,null,null,PERF,NPL,0.00061,null,null,425102,N,null,AAB.SYS.1861,null,null,2005-07-01,Y,0,EUR,0,EUR,75074010,0,EUR,0,EUR
FBS,2024-12-31,null,null,null,null,null,null,null,null,156,null,0,EUR,0,EUR,6010,ACTIVE,null,N,null,null,6641500,EUR,6641500,EUR,null,N,null,null,0,null,null,null,null,null,null,null,null,null,CF,N,null,null,null,null,null,null,null,N,null,null,null,null,null,0,EUR,0,EUR,FRX00145634050046,null,null,2029-01-02,null,null,null,null,null,null,null,null,PERF,NPL,null,null,null,425102,N,null,AAB.SYS.1861,null,null,2015-10-01,Y,0,EUR,0,EUR,75071010,0,EUR,0,EUR
FBS,2024-12-31,null,null,null,null,null,null,null,null,156,null,0,EUR,0,EUR,6010,ACTIVE,null,N,null,null,35000000,EUR,35000000,EUR,null,N,null,null,0,null,null,null,null,null,null,null,null,null,CF,N,null,null,null,null,null,null,null,N,null,null,null,null,null,0,EUR,0,EUR,FRX00145634350046,null,null,2053-07-01,null,null,null,null,null,null,null,null,PERF,NPL,null,null,null,425102,N,null,AAB.SYS.1861,null,null,2015-10-01,Y,0,EUR,0,EUR,75071010,0,EUR,0,EUR
FBS,2024-12-31,null,null,null,null,null,null,null,null,156,null,0,EUR,0,EUR,6010,ACTIVE,null,N,null,null,20000000,EUR,20000000,EUR,null,N,null,null,0,null,null,null,null,null,null,null,null,null,CF,N,null,null,null,null,null,null,null,N,null,null,null,null,null,0,EUR,0,EUR,FRX00145635170046,null,null,2039-03-04,null,null,null,null,null,null,null,null,PERF,NPL,null,null,null,425102,N,null,AAB.SYS.1861,null,null,2015-09-04,Y,0,EUR,0,EUR,75071010,0,EUR,0,EUR
FBS,2024-12-31,null,null,null,null,null,null,null,null,20,null,0,EUR,0,EUR,6010,ACTIVE,null,N,null,null,0.01,EUR,0.01,EUR,null,N,null,null,0,null,null,null,null,null,null,null,null,null,CF,N,null,null,null,null,null,null,null,N,null,null,null,null,null,0,EUR,0,EUR,FRX00145635360372,null,null,2023-07-21,null,null,null,null,null,null,null,null,PERF,NPL,0.00246,null,null,425102,N,null,AAB.SYS.1861,null,null,2015-11-13,Y,0,EUR,0,EUR,75074010,0,EUR,0,EUR
FBS,2024-12-31,null,null,null,null,null,null,null,null,20,null,0,EUR,0,EUR,6010,ACTIVE,null,N,null,null,0.01,EUR,0.01,EUR,null,N,null,null,0,null,null,null,null,null,null,null,null,null,CF,N,null,null,null,null,null,null,null,N,null,null,null,null,null,0,EUR,0,EUR,FRX00145636090372,null,null,2023-07-21,null,null,null,null,null,null,null,null,PERF,NPL,0.00061,null,null,425102,N,null,AAB.SYS.1861,null,null,2015-11-13,Y,0,EUR,0,EUR,75074010,0,EUR,0,EUR
FBS,2024-12-31,null,null,null,null,null,null,null,null,156,null,0,EUR,0,EUR,6010,ACTIVE,null,N,null,null,15000000,EUR,15000000,EUR,null,N,null,null,0,null,null,null,null,null,null,null,null,null,CF,N,null,null,null,null,null,null,null,N,null,null,null,null,null,0,EUR,0,EUR,FRX00145636830046,null,null,2057-02-01,null,null,null,null,null,null,null,null,PERF,NPL,null,null,null,425102,N,null,AAB.SYS.1861,null,null,2015-11-02,Y,0,EUR,0,EUR,75071010,0,EUR,0,EUR
FBS,2024-12-31,null,null,null,null,null,null,null,null,20,null,0,EUR,0,EUR,6010,ACTIVE,null,N,null,null,0.01,EUR,0.01,EUR,null,N,null,null,0,null,null,null,null,null,null,null,null,null,CF,N,null,null,null,null,null,null,null,N,null,null,null,null,null,0,EUR,0,EUR,FRX00145636920372,null,null,2023-07-21,null,null,null,null,null,null,null,null,PERF,NPL,0.00077,null,null,425102,N,null,AAB.SYS.1861,null,null,2015-11-13,Y,0,EUR,0,EUR,75074010,0,EUR,0,EUR
FBS,2024-12-31,null,null,null,null,null,null,null,null,156,null,0,EUR,0,EUR,6010,ACTIVE,null,N,null,null,6512000,EUR,6512000,EUR,null,N,null,null,0,null,null,null,null,null,null,null,null,null,CF,N,null,null,null,null,null,null,null,N,null,null,null,null,null,0,EUR,0,EUR,FRX00145637120046,null,null,2038-10-01,null,null,null,null,null,null,null,null,PERF,NPL,null,null,null,425102,N,null,AAB.SYS.1861,null,null,2015-10-01,Y,0,EUR,0,EUR,75071010,0,EUR,0,EUR
FBS,2024-12-31,null,null,null,null,null,null,null,null,156,null,0,EUR,0,EUR,6010,ACTIVE,null,N,null,null,12500000,EUR,12500000,EUR,null,N,null,null,0,null,null,null,null,null,null,null,null,null,CF,N,null,null,null,null,null,null,null,N,null,null,null,null,null,0,EUR,0,EUR,FRX00145637990046,null,null,2038-09-16,null,null,null,null,null,null,null,null,PERF,NPL,null,null,null,425102,N,null,AAB.SYS.1861,null,null,2015-09-16,Y,0,EUR,0,EUR,75071010,0,EUR,0,EUR
FBS,2024-12-31,null,null,null,null,null,null,null,null,156,null,0,EUR,0,EUR,6010,ACTIVE,null,N,null,null,5693333.32,EUR,5693333.32,EUR,null,N,null,null,0,null,null,null,null,null,null,null,null,null,CF,N,null,null,null,null,null,null,null,N,null,null,null,null,null,0,EUR,0,EUR,FRX00145638490046,null,null,2038-11-01,null,null,null,null,null,null,null,null,PERF,NPL,null,null,null,425102,N,null,AAB.SYS.1861,null,null,2015-11-02,Y,0,EUR,0,EUR,75071010,0,EUR,0,EUR
FBS,2024-12-31,null,null,null,null,null,null,null,null,156,null,0,EUR,0,EUR,6010,ACTIVE,null,N,null,null,2125000,EUR,2125000,EUR,null,N,null,null,0,null,null,null,null,null,null,null,null,null,CF,N,null,null,null,null,null,null,null,N,null,null,null,null,null,0,EUR,0,EUR,FRX00145638630046,null,null,2029-01-02,null,null,null,null,null,null,null,null,PERF,NPL,null,null,null,425102,N,null,AAB.SYS.1861,null,null,2015-10-01,Y,0,EUR,0,EUR,75071010,0,EUR,0,EUR
FBS,2024-12-31,null,null,null,null,null,null,null,null,156,null,0,EUR,0,EUR,6010,ACTIVE,null,N,null,null,10833333.33,EUR,10833333.33,EUR,null,N,null,null,0,null,null,null,null,null,null,null,null,null,CF,N,null,null,null,null,null,null,null,N,null,null,null,null,null,0,EUR,0,EUR,FRX00145638910046,null,null,2037-11-12,null,null,null,null,null,null,null,null,PERF,NPL,null,null,null,425102,N,null,AAB.SYS.1861,null,null,2015-11-12,Y,0,EUR,0,EUR,75071010,0,EUR,0,EUR
FBS,2024-12-31,null,null,null,null,null,null,null,null,20,null,0,EUR,0,EUR,6010,ACTIVE,null,N,null,null,4838113.47,EUR,4838113.47,EUR,null,N,null,null,0,null,null,null,null,null,null,null,null,null,CF,N,null,null,null,null,null,null,null,N,null,null,null,null,null,0,EUR,0,EUR,FRX00145639950051,null,null,2050-04-01,null,null,null,null,null,null,null,null,PERF,NPL,0.00061,null,null,425102,N,null,AAB.SYS.1861,null,null,2010-01-15,Y,0,EUR,0,EUR,75074010,0,EUR,0,EUR
FBS,2024-12-31,null,null,null,null,null,null,null,null,20,null,0,EUR,0,EUR,6010,ACTIVE,null,N,null,null,12500000,EUR,12500000,EUR,null,N,null,null,0,null,null,null,null,null,null,null,null,null,CF,N,null,null,null,null,null,null,null,N,null,null,null,null,null,0,EUR,0,EUR,FRX00145639950372,null,null,2050-04-01,null,null,null,null,null,null,null,null,PERF,NPL,0.00061,null,null,425102,N,null,AAB.SYS.1861,null,null,2010-01-15,Y,0,EUR,0,EUR,75074010,0,EUR,0,EUR
FBS,2024-12-31,null,null,null,null,null,null,null,null,156,null,0,EUR,0,EUR,6010,ACTIVE,null,N,null,null,25000000,EUR,25000000,EUR,null,N,null,null,0,null,null,null,null,null,null,null,null,null,CF,N,null,null,null,null,null,null,null,N,null,null,null,null,null,0,EUR,0,EUR,FRX00145640200046,null,null,2038-12-01,null,null,null,null,null,null,null,null,PERF,NPL,null,null,null,425102,N,null,AAB.SYS.1861,null,null,2015-09-01,Y,0,EUR,0,EUR,75071010,0,EUR,0,EUR
FBS,2024-12-31,null,null,null,null,null,null,null,null,20,null,0,EUR,0,EUR,6010,ACTIVE,null,N,null,null,6798811.22,EUR,6798811.22,EUR,null,N,null,null,0,null,null,null,null,null,null,null,null,null,CF,N,null,null,null,null,null,null,null,N,null,null,null,null,null,0,EUR,0,EUR,FRX00145640280051,null,null,2038-12-01,null,null,null,null,null,null,null,null,PERF,NPL,0.00061,null,null,425102,N,null,AAB.SYS.1861,null,null,2008-11-03,Y,0,EUR,0,EUR,75074010,0,EUR,0,EUR
FBS,2024-12-31,null,null,null,null,null,null,null,null,20,null,0,EUR,0,EUR,6010,ACTIVE,null,N,null,null,25000000,EUR,25000000,EUR,null,N,null,null,0,null,null,null,null,null,null,null,null,null,CF,N,null,null,null,null,null,null,null,N,null,null,null,null,null,0,EUR,0,EUR,FRX00145640280372,null,null,2038-12-01,null,null,null,null,null,null,null,null,PERF,NPL,0.00061,null,null,425102,N,null,AAB.SYS.1861,null,null,2008-11-03,Y,0,EUR,0,EUR,75074010,0,EUR,0,EUR
FBS,2024-12-31,null,null,null,null,null,null,null,null,20,null,0,EUR,0,EUR,6010,ACTIVE,null,N,null,null,0.01,EUR,0.01,EUR,null,N,null,null,0,null,null,null,null,null,null,null,null,null,CF,N,null,null,null,null,null,null,null,N,null,null,null,null,null,0,EUR,0,EUR,FRX00145640310372,null,null,2023-07-21,null,null,null,null,null,null,null,null,PERF,NPL,0.00061,null,null,425102,N,null,AAB.SYS.1861,null,null,2015-11-13,Y,0,EUR,0,EUR,75074010,0,EUR,0,EUR
FBS,2024-12-31,null,null,null,null,null,null,null,null,156,null,0,EUR,0,EUR,6010,ACTIVE,null,N,null,null,6300000,EUR,6300000,EUR,null,N,null,null,0,null,null,null,null,null,null,null,null,null,CF,N,null,null,null,null,null,null,null,N,null,null,null,null,null,0,EUR,0,EUR,FRX00145640380046,null,null,2038-04-01,null,null,null,null,null,null,null,null,PERF,NPL,null,null,null,425102,N,null,AAB.SYS.1861,null,null,2015-10-01,Y,0,EUR,0,EUR,75071010,0,EUR,0,EUR
FBS,2024-12-31,null,null,null,null,null,null,null,null,156,null,0,EUR,0,EUR,6010,ACTIVE,null,N,null,null,866250,EUR,866250,EUR,null,N,null,null,0,null,null,null,null,null,null,null,null,null,CF,N,null,null,null,null,null,null,null,N,null,null,null,null,null,0,EUR,0,EUR,FRX00145640620046,null,null,2049-09-01,null,null,null,null,null,null,null,null,PERF,NPL,null,null,null,425102,N,null,AAB.SYS.1861,null,null,2015-09-01,Y,0,EUR,0,EUR,75071010,0,EUR,0,EUR
